{"name": "fasterrcnn_resnet50_fpn_v2", "pretrained": false, "freeze_layers": false, "batch_size": 4, "dataset": "kitti", "dataset_config": {"class_list": ["Background", "Car", "Van", "Truck", "Pedestrian", "Person_sitting", "Cyclist", "Tram", "Misc", "DontCare"], "num_classes": 10}, "val_iou": 0.12660206854343414, "val_precision": 0.5729860618664254, "val_recall": 0.4425912370695201, "val_f1": 0.4825245819737043, "val_map": 0.3168163947201353, "test_iou": 0.1255105882883072, "test_precision": 0.5250780629696585, "test_recall": 0.43038321679979147, "test_f1": 0.46196880710454546, "test_map": 0.3006400294734415, "Car_ap": 0.8664982369906324, "Van_ap": 0.4934937570030614, "Truck_ap": 0.43088293019270374, "Pedestrian_ap": 0.29247735619971404, "Person_sitting_ap": 0.0, "Cyclist_ap": 0.21426783100283586, "Tram_ap": 0.1646791178499584, "Misc_ap": 0.0722319285221763}