{"name": "fasterrcnn_mobilenet_v3_large_320_fpn", "pretrained": true, "freeze_layers": true, "batch_size": 4, "dataset": "kitti", "dataset_config": {"class_list": ["Background", "Car", "Van", "Truck", "Pedestrian", "Person_sitting", "Cyclist", "Tram", "Misc", "DontCare"], "num_classes": 10}, "val_iou": 0.16674017906188965, "val_precision": 0.5778789487344376, "val_recall": 0.44448070619081537, "val_f1": 0.4974871393756161, "val_map": 0.2821669982403783, "test_iou": 0.16649192571640015, "test_precision": 0.6581865223044758, "test_recall": 0.5190741087414579, "test_f1": 0.5757076862671535, "test_map": 0.35911334164590686, "Car_ap": 0.5542527114799244, "Van_ap": 0.2816529459786634, "Truck_ap": 0.45044159431778685, "Pedestrian_ap": 0.3345335636348813, "Person_sitting_ap": 0.04395603489315825, "Cyclist_ap": 0.25021474205418676, "Tram_ap": 0.2671247334265543, "Misc_ap": 0.075159660137871}