{"name": "fasterrcnn_resnet50_fpn", "pretrained": true, "freeze_layers": false, "batch_size": 4, "dataset": "kitti_reduced_0_augmented_v2m", "dataset_config": {"class_list": ["Background", "Car", "Van", "Truck", "Pedestrian", "Person_sitting", "Cyclist", "Tram", "Misc", "DontCare"], "num_classes": 10}, "val_iou": 0.19607532024383545, "val_precision": 0.9443760015671361, "val_recall": 0.926245308220853, "val_f1": 0.9351120843430515, "val_map": 0.8705579414118708, "test_iou": 0.1908581405878067, "test_precision": 0.9422540064244671, "test_recall": 0.9222702402441784, "test_f1": 0.9319961984936765, "test_map": 0.8589817325405011, "Car_ap": 0.9642022827766317, "Van_ap": 0.9079331961149582, "Truck_ap": 0.939237395739289, "Pedestrian_ap": 0.8853136446692325, "Person_sitting_ap": 0.7638614604922789, "Cyclist_ap": 0.7515281643360294, "Tram_ap": 0.9480877325837425, "Misc_ap": 0.8042996545828047}