{"name": "fasterrcnn_mobilenet_v3_large_fpn", "pretrained": false, "freeze_layers": false, "batch_size": 4, "dataset": "kittiv3_reduced_50_augmented_v3", "dataset_config": {"class_list": ["Background", "Car", "Van", "Truck", "Pedestrian", "Person_sitting", "Cyclist", "Tram", "Misc", "DontCare"], "num_classes": 10}, "val_iou": 0.18856102228164673, "val_precision": 0.799252346505624, "val_recall": 0.7317197148413506, "val_f1": 0.7627010199116705, "val_map": 0.6047616540813082, "test_iou": 0.1858026683330536, "test_precision": 0.8301066374479718, "test_recall": 0.7211171867450723, "test_f1": 0.7684649637510885, "test_map": 0.5979211945380847, "Car_ap": 0.8319198192168, "Van_ap": 0.5290482967023449, "Truck_ap": 0.6702112426567878, "Pedestrian_ap": 0.5660853141174981, "Person_sitting_ap": 0.7581356989801584, "Cyclist_ap": 0.3644522179036437, "Tram_ap": 0.6795081970029343, "Misc_ap": 0.4387324460702986}