{"name": "fasterrcnn_mobilenet_v3_large_fpn", "pretrained": true, "freeze_layers": true, "batch_size": 4, "dataset": "kitti", "dataset_config": {"class_list": ["Background", "Car", "Van", "Truck", "Pedestrian", "Person_sitting", "Cyclist", "Tram", "Misc", "DontCare"], "num_classes": 10}, "val_iou": 0.2035105675458908, "val_precision": 0.7726598886483173, "val_recall": 0.684754170762487, "val_f1": 0.7238998764544773, "val_map": 0.5325211783278737, "test_iou": 0.20388035476207733, "test_precision": 0.8065373616645949, "test_recall": 0.7213830548546264, "test_f1": 0.7600417362472679, "test_map": 0.5919740519944254, "Car_ap": 0.8571908738356209, "Van_ap": 0.560320625308975, "Truck_ap": 0.6297184185832528, "Pedestrian_ap": 0.5618894062182671, "Person_sitting_ap": 0.2597013444082996, "Cyclist_ap": 0.47697919483883805, "Tram_ap": 0.6357683791798118, "Misc_ap": 0.2786011842499246}