{"name": "fasterrcnn_resnet50_fpn_v2", "pretrained": false, "freeze_layers": false, "batch_size": 4, "dataset": "kittiv3_reduced_0", "dataset_config": {"class_list": ["Background", "Car", "Van", "Truck", "Pedestrian", "Person_sitting", "Cyclist", "Tram", "Misc", "DontCare"], "num_classes": 10}, "val_iou": 0.10619334131479263, "val_precision": 0.5845880919331294, "val_recall": 0.4056607940496734, "val_f1": 0.4334520629161208, "val_map": 0.29349040914304564, "test_iou": 0.10747363418340683, "test_precision": 0.4313626079549938, "test_recall": 0.37904328860801173, "test_f1": 0.3961367595579837, "test_map": 0.2596657634955903, "Car_ap": 0.8640802999230116, "Van_ap": 0.47535949816930756, "Truck_ap": 0.550553397672168, "Pedestrian_ap": 0.28876023047639143, "Person_sitting_ap": 0.0, "Cyclist_ap": 0.08923807119458388, "Tram_ap": 0.039215662629774044, "Misc_ap": 0.040716113079128716}