{"name": "fasterrcnn_resnet50_fpn_v2", "pretrained": true, "freeze_layers": false, "batch_size": 4, "dataset": "kitti", "dataset_config": {"class_list": ["Background", "Car", "Van", "Truck", "Pedestrian", "Person_sitting", "Cyclist", "Tram", "Misc", "DontCare"], "num_classes": 10}, "val_iou": 0.2693958580493927, "val_precision": 0.9423125003518578, "val_recall": 0.9153878973088106, "val_f1": 0.9285209894306009, "val_map": 0.8535068074726844, "test_iou": 0.2684731185436249, "test_precision": 0.9386809344410834, "test_recall": 0.9107607600600068, "test_f1": 0.924176860157071, "test_map": 0.8694632034423764, "Car_ap": 0.9703597320910816, "Van_ap": 0.9602177235844034, "Truck_ap": 0.910549363632936, "Pedestrian_ap": 0.8598245747334872, "Person_sitting_ap": 0.4538376801356979, "Cyclist_ap": 0.8767883061098182, "Tram_ap": 0.9607842166668936, "Misc_ap": 0.8356928628271567}