{"name": "fasterrcnn_mobilenet_v3_large_320_fpn", "pretrained": true, "freeze_layers": false, "batch_size": 4, "dataset": "kittiv3_reduced_0_augmented_v3", "dataset_config": {"class_list": ["Background", "Car", "Van", "Truck", "Pedestrian", "Person_sitting", "Cyclist", "Tram", "Misc", "DontCare"], "num_classes": 10}, "val_iou": 0.19053439795970917, "val_precision": 0.7184672802058153, "val_recall": 0.6304079160129546, "val_f1": 0.6691884034578207, "val_map": 0.4710286976739435, "test_iou": 0.18349193036556244, "test_precision": 0.7205688952394813, "test_recall": 0.6318508493955436, "test_f1": 0.6711431513376083, "test_map": 0.45491814813855735, "Car_ap": 0.6365665289183662, "Van_ap": 0.48490120135335224, "Truck_ap": 0.6201377825580978, "Pedestrian_ap": 0.3776479260213901, "Person_sitting_ap": 0.5613410954936806, "Cyclist_ap": 0.21479293811017264, "Tram_ap": 0.6095102003824754, "Misc_ap": 0.2633319085540128}