{"name": "fasterrcnn_mobilenet_v3_large_fpn", "pretrained": true, "freeze_layers": false, "batch_size": 4, "dataset": "kitti_reduced_0", "dataset_config": {"class_list": ["Background", "Car", "Van", "Truck", "Pedestrian", "Person_sitting", "Cyclist", "Tram", "Misc", "DontCare"], "num_classes": 10}, "val_iou": 0.2320411652326584, "val_precision": 0.8311367434841697, "val_recall": 0.7629316375040228, "val_f1": 0.7945176253005876, "val_map": 0.6439233487844527, "test_iou": 0.23298285901546478, "test_precision": 0.8677862663860568, "test_recall": 0.7966669344471596, "test_f1": 0.8296913858698208, "test_map": 0.7073993973710977, "Car_ap": 0.9019448015920292, "Van_ap": 0.7308046117604479, "Truck_ap": 0.7901288236133377, "Pedestrian_ap": 0.6541092682840375, "Person_sitting_ap": 0.16748387017504085, "Cyclist_ap": 0.5078107078907956, "Tram_ap": 0.895920832337022, "Misc_ap": 0.5031838746229097}