{"name": "fasterrcnn_resnet50_fpn_v2", "pretrained": true, "freeze_layers": false, "batch_size": 4, "dataset": "kitti_reduced_0_augmented_v2m", "dataset_config": {"class_list": ["Background", "Car", "Van", "Truck", "Pedestrian", "Person_sitting", "Cyclist", "Tram", "Misc", "DontCare"], "num_classes": 10}, "val_iou": 0.2380930483341217, "val_precision": 0.9558804640733652, "val_recall": 0.9467615034019912, "val_f1": 0.9512741270351668, "val_map": 0.9014516939932495, "test_iou": 0.22763101756572723, "test_precision": 0.9637408667005761, "test_recall": 0.9541305428046148, "test_f1": 0.9588627972157481, "test_map": 0.9059990125364529, "Car_ap": 0.9677244473858978, "Van_ap": 0.9184148383958667, "Truck_ap": 0.914572781798781, "Pedestrian_ap": 0.8657038916851989, "Person_sitting_ap": 0.8202385414220661, "Cyclist_ap": 0.8929448078783268, "Tram_ap": 0.9437570551829386, "Misc_ap": 0.8882571881969209}