{"name": "fasterrcnn_mobilenet_v3_large_fpn", "pretrained": false, "freeze_layers": false, "batch_size": 4, "dataset": "kittiv3_reduced_0_augmented_v3", "dataset_config": {"class_list": ["Background", "Car", "Van", "Truck", "Pedestrian", "Person_sitting", "Cyclist", "Tram", "Misc", "DontCare"], "num_classes": 10}, "val_iou": 0.18320082128047943, "val_precision": 0.8519038625056464, "val_recall": 0.8139998208283, "val_f1": 0.8320943117441657, "val_map": 0.7126913748086119, "test_iou": 0.1776622086763382, "test_precision": 0.8661289767870848, "test_recall": 0.8262120841237222, "test_f1": 0.8453944845240255, "test_map": 0.7026977523126099, "Car_ap": 0.8742560096031682, "Van_ap": 0.7484587336146389, "Truck_ap": 0.7476616641102166, "Pedestrian_ap": 0.594967370802249, "Person_sitting_ap": 0.7581356989801584, "Cyclist_ap": 0.5690822451738726, "Tram_ap": 0.8459081027956353, "Misc_ap": 0.5630611733889558}