{"name": "fasterrcnn_resnet50_fpn_v2", "pretrained": false, "freeze_layers": false, "batch_size": 4, "dataset": "kittiv3_reduced_50", "dataset_config": {"class_list": ["Background", "Car", "Van", "Truck", "Pedestrian", "Person_sitting", "Cyclist", "Tram", "Misc", "DontCare"], "num_classes": 10}, "val_iou": 0.07580942660570145, "val_precision": 0.22072385738085787, "val_recall": 0.1454187973318158, "val_f1": 0.1516384863799779, "val_map": 0.10449982954699796, "test_iou": 0.07727576792240143, "test_precision": 0.2224009039554057, "test_recall": 0.14699601632600487, "test_f1": 0.15571630203283388, "test_map": 0.10695988177120544, "Car_ap": 0.7486764912193931, "Van_ap": 0.06518572788844706, "Truck_ap": 0.022136417268143492, "Pedestrian_ap": 0.0, "Person_sitting_ap": 0.0, "Cyclist_ap": 0.0, "Tram_ap": 0.0, "Misc_ap": 0.0}