{"name": "fasterrcnn_resnet50_fpn_v2", "pretrained": false, "freeze_layers": false, "batch_size": 4, "dataset": "kitti_reduced_0", "dataset_config": {"class_list": ["Background", "Car", "Van", "Truck", "Pedestrian", "Person_sitting", "Cyclist", "Tram", "Misc", "DontCare"], "num_classes": 10}, "val_iou": 0.08513308316469193, "val_precision": 0.5799844444382236, "val_recall": 0.5300179436467708, "val_f1": 0.5484476266091365, "val_map": 0.4114244973461326, "test_iou": 0.08192283660173416, "test_precision": 0.5857703029918274, "test_recall": 0.5240473197441456, "test_f1": 0.5456418472278297, "test_map": 0.37893496102127083, "Car_ap": 0.8873047392353073, "Van_ap": 0.629168326444467, "Truck_ap": 0.7437487262393372, "Pedestrian_ap": 0.37953518916973095, "Person_sitting_ap": 0.0, "Cyclist_ap": 0.2703779373954271, "Tram_ap": 0.315634995644092, "Misc_ap": 0.06562606464069927}