{"name": "fasterrcnn_resnet50_fpn", "pretrained": true, "freeze_layers": true, "batch_size": 4, "dataset": "kitti", "dataset_config": {"class_list": ["Background", "Car", "Van", "Truck", "Pedestrian", "Person_sitting", "Cyclist", "Tram", "Misc", "DontCare"], "num_classes": 10}, "val_iou": 0.16524627804756165, "val_precision": 0.8796923306041047, "val_recall": 0.8461031080841448, "val_f1": 0.861480914393554, "val_map": 0.7512973415728375, "test_iou": 0.17191508412361145, "test_precision": 0.916475909826094, "test_recall": 0.8764229564215587, "test_f1": 0.8952803998799996, "test_map": 0.7994434664526727, "Car_ap": 0.9597338540583241, "Van_ap": 0.8952828709090421, "Truck_ap": 0.8416220892181401, "Pedestrian_ap": 0.8125709649424535, "Person_sitting_ap": 0.290567688668225, "Cyclist_ap": 0.8373484576932623, "Tram_ap": 0.8398552763464983, "Misc_ap": 0.5333975307467549}