{"name": "fasterrcnn_mobilenet_v3_large_320_fpn", "pretrained": false, "freeze_layers": false, "batch_size": 4, "dataset": "kittiv3_reduced_0", "dataset_config": {"class_list": ["Background", "Car", "Van", "Truck", "Pedestrian", "Person_sitting", "Cyclist", "Tram", "Misc", "DontCare"], "num_classes": 10}, "val_iou": 0.16849292814731598, "val_precision": 0.5765167408265305, "val_recall": 0.469093983872901, "val_f1": 0.5143242464200132, "val_map": 0.28042379354587454, "test_iou": 0.16888801753520966, "test_precision": 0.6259698878467972, "test_recall": 0.5051248786155155, "test_f1": 0.5555308666256437, "test_map": 0.33401511595613886, "Car_ap": 0.5636639054897474, "Van_ap": 0.31828586398323955, "Truck_ap": 0.3288867905001458, "Pedestrian_ap": 0.25284003709118785, "Person_sitting_ap": 0.10476187416253316, "Cyclist_ap": 0.18356783466775775, "Tram_ap": 0.2679665504090833, "Misc_ap": 0.22341749206330172}