{"name": "fasterrcnn_mobilenet_v3_large_320_fpn", "pretrained": true, "freeze_layers": true, "batch_size": 4, "dataset": "kitti", "dataset_config": {"class_list": ["Background", "Car", "Van", "Truck", "Pedestrian", "Person_sitting", "Cyclist", "Tram", "Misc", "DontCare"], "num_classes": 10}, "val_iou": 0.17511646449565887, "val_precision": 0.6082847171655693, "val_recall": 0.48643797278705014, "val_f1": 0.536941940427786, "val_map": 0.3009931446048727, "test_iou": 0.17896035313606262, "test_precision": 0.7005430054578156, "test_recall": 0.5714833467535071, "test_f1": 0.6261116852793555, "test_map": 0.4266495870533562, "Car_ap": 0.5703233783700332, "Van_ap": 0.35000277603677715, "Truck_ap": 0.4491888851033317, "Pedestrian_ap": 0.32307727824469534, "Person_sitting_ap": 0.07216115796569895, "Cyclist_ap": 0.2669714667149278, "Tram_ap": 0.2607543724842075, "Misc_ap": 0.11546584191931003}