{"name": "fasterrcnn_resnet50_fpn_v2", "pretrained": true, "freeze_layers": false, "batch_size": 4, "dataset": "kitti_reduced_0", "dataset_config": {"class_list": ["Background", "Car", "Van", "Truck", "Pedestrian", "Person_sitting", "Cyclist", "Tram", "Misc", "DontCare"], "num_classes": 10}, "val_iou": 0.2484358698129654, "val_precision": 0.9203406138944789, "val_recall": 0.8992993589966858, "val_f1": 0.9095805094230174, "val_map": 0.8257805611291813, "test_iou": 0.24741534888744354, "test_precision": 0.9407671277534071, "test_recall": 0.9086745468524599, "test_f1": 0.9237496191883146, "test_map": 0.8582360828331517, "Car_ap": 0.97950483703469, "Van_ap": 0.9784501130584818, "Truck_ap": 0.9235185472725589, "Pedestrian_ap": 0.8652875787006706, "Person_sitting_ap": 0.21509597179142592, "Cyclist_ap": 0.8678498337019533, "Tram_ap": 0.9607842166668936, "Misc_ap": 0.815753390806776}