{"name": "fasterrcnn_resnet50_fpn", "pretrained": false, "freeze_layers": false, "batch_size": 4, "dataset": "kitti", "dataset_config": {"class_list": ["Background", "Car", "Van", "Truck", "Pedestrian", "Person_sitting", "Cyclist", "Tram", "Misc", "DontCare"], "num_classes": 10}, "val_iou": 0.2257780283689499, "val_precision": 0.9119993347067912, "val_recall": 0.8922647157804685, "val_f1": 0.9018795671187794, "val_map": 0.8082981300406628, "test_iou": 0.22811634838581085, "test_precision": 0.9396855337337718, "test_recall": 0.9157118441642293, "test_f1": 0.9271297309230018, "test_map": 0.8601065377958115, "Car_ap": 0.9598734998924021, "Van_ap": 0.9356227770821419, "Truck_ap": 0.9039630766137795, "Pedestrian_ap": 0.8147216111906918, "Person_sitting_ap": 0.31523607744283105, "Cyclist_ap": 0.8191075872213879, "Tram_ap": 0.9218120521412588, "Misc_ap": 0.7960483587408094}