{"name": "fasterrcnn_mobilenet_v3_large_320_fpn", "pretrained": true, "freeze_layers": false, "batch_size": 4, "dataset": "kitti_reduced_0", "dataset_config": {"class_list": ["Background", "Car", "Van", "Truck", "Pedestrian", "Person_sitting", "Cyclist", "Tram", "Misc", "DontCare"], "num_classes": 10}, "val_iou": 0.18059416115283966, "val_precision": 0.6655158082872467, "val_recall": 0.5812355729323816, "val_f1": 0.6188302998814648, "val_map": 0.39411479543330635, "test_iou": 0.18057680130004883, "test_precision": 0.7102704395458279, "test_recall": 0.6232764141446496, "test_f1": 0.6616213103940759, "test_map": 0.46191569604475435, "Car_ap": 0.6390268197116058, "Van_ap": 0.44830506835632156, "Truck_ap": 0.516389562980475, "Pedestrian_ap": 0.3999625909239504, "Person_sitting_ap": 0.10731766163869946, "Cyclist_ap": 0.4063702918717907, "Tram_ap": 0.43514062805076054, "Misc_ap": 0.2004057399328471}