{"name": "fasterrcnn_resnet50_fpn", "pretrained": false, "freeze_layers": false, "batch_size": 4, "dataset": "kittiv3_reduced_0_augmented_v3", "dataset_config": {"class_list": ["Background", "Car", "Van", "Truck", "Pedestrian", "Person_sitting", "Cyclist", "Tram", "Misc", "DontCare"], "num_classes": 10}, "val_iou": 0.20053313672542572, "val_precision": 0.9115609760034935, "val_recall": 0.8905823031391686, "val_f1": 0.9008087118630236, "val_map": 0.8132092394520134, "test_iou": 0.18999014794826508, "test_precision": 0.8953011350889477, "test_recall": 0.8608267299096022, "test_f1": 0.8774864207841435, "test_map": 0.7600151170497161, "Car_ap": 0.9554322983158164, "Van_ap": 0.895227352114109, "Truck_ap": 0.8621949939933736, "Pedestrian_ap": 0.7565166751894307, "Person_sitting_ap": 0.878753421865222, "Cyclist_ap": 0.677569481805123, "Tram_ap": 0.9089351751802801, "Misc_ap": 0.5710445171527528}