{"name": "fasterrcnn_resnet50_fpn", "pretrained": true, "freeze_layers": false, "batch_size": 4, "dataset": "kitti_reduced_0_augmented_v2m", "dataset_config": {"class_list": ["Background", "Car", "Van", "Truck", "Pedestrian", "Person_sitting", "Cyclist", "Tram", "Misc", "DontCare"], "num_classes": 10}, "val_iou": 0.25145745277404785, "val_precision": 0.8971863900163551, "val_recall": 0.8684856223640159, "val_f1": 0.8822375491607185, "val_map": 0.7997512676937153, "test_iou": 0.25844115018844604, "test_precision": 0.9390500574525822, "test_recall": 0.8966535059130284, "test_f1": 0.9166116510369852, "test_map": 0.8498398517450836, "Car_ap": 0.9587001209459952, "Van_ap": 0.9199032807153755, "Truck_ap": 0.9302758581638171, "Pedestrian_ap": 0.8345369996460656, "Person_sitting_ap": 0.12727408688857117, "Cyclist_ap": 0.8081162083265588, "Tram_ap": 0.9607842166668936, "Misc_ap": 0.8584193701964454}