{
    "name": "fasterrcnn_resnet50_fpn",
    "pretrained": false,
    "freeze_layers": false,
    "batch_size": 4,
    "dataset": "kittiv3_reduced_50",
    "dataset_config": {
        "class_list": [
            "Background",
            "Car",
            "Van",
            "Truck",
            "Pedestrian",
            "Person_sitting",
            "Cyclist",
            "Tram",
            "Misc",
            "DontCare"
        ],
        "num_classes": 10
    },
    "val_iou": 0.1588917076587677,
    "val_precision": 0.830200430706176,
    "val_recall": 0.804590215505499,
    "val_f1": 0.816808665034561,
    "val_map": 0.6760122480021877,
    "test_iou": 0.1571110337972641,
    "test_precision": 0.857227164429294,
    "test_recall": 0.8157003692162665,
    "test_f1": 0.8350373266017748,
    "test_map": 0.7042177165355946,
    "Car_ap": 0.9546977726243484,
    "Van_ap": 0.868360373856679,
    "Truck_ap": 0.7774814452611852,
    "Pedestrian_ap": 0.6434866631931173,
    "Person_sitting_ap": 0.15021225846004854,
    "Cyclist_ap": 0.6584659788757659,
    "Tram_ap": 0.883684287181039,
    "Misc_ap": 0.4717092045653193
}