{"name": "fasterrcnn_resnet50_fpn", "pretrained": true, "freeze_layers": false, "batch_size": 4, "dataset": "kitti", "dataset_config": {"class_list": ["Background", "Car", "Van", "Truck", "Pedestrian", "Person_sitting", "Cyclist", "Tram", "Misc", "DontCare"], "num_classes": 10}, "val_iou": 0.2064286470413208, "val_precision": 0.924006137789001, "val_recall": 0.8896641282888701, "val_f1": 0.9053977319596628, "val_map": 0.8246561906994966, "test_iou": 0.21152615547180176, "test_precision": 0.9537783221612895, "test_recall": 0.9160399186797786, "test_f1": 0.9336360057666178, "test_map": 0.8715468729371427, "Car_ap": 0.9691582128270331, "Van_ap": 0.951397294876534, "Truck_ap": 0.9262225978345004, "Pedestrian_ap": 0.8341251450151874, "Person_sitting_ap": 0.36892537777471573, "Cyclist_ap": 0.8585343454335761, "Tram_ap": 0.9607842166668936, "Misc_ap": 0.7281023351675324}