{"name": "fasterrcnn_mobilenet_v3_large_320_fpn", "pretrained": true, "freeze_layers": false, "batch_size": 4, "dataset": "kitti_reduced_0_augmented_v2m", "dataset_config": {"class_list": ["Background", "Car", "Van", "Truck", "Pedestrian", "Person_sitting", "Cyclist", "Tram", "Misc", "DontCare"], "num_classes": 10}, "val_iou": 0.21687418222427368, "val_precision": 0.7739083050497448, "val_recall": 0.694717056030137, "val_f1": 0.7300070442528248, "val_map": 0.5462564813492641, "test_iou": 0.20928722620010376, "test_precision": 0.7532514417195623, "test_recall": 0.6844594193572069, "test_f1": 0.7159631257181812, "test_map": 0.511949004680011, "Car_ap": 0.6356496217595049, "Van_ap": 0.5363666640580511, "Truck_ap": 0.6759967090727305, "Pedestrian_ap": 0.3988724338491822, "Person_sitting_ap": 0.6592597907880385, "Cyclist_ap": 0.32240714889098804, "Tram_ap": 0.7251859284817656, "Misc_ap": 0.4163135538938519}