{"name": "fasterrcnn_resnet50_fpn", "pretrained": false, "freeze_layers": false, "batch_size": 4, "dataset": "kittiv3_reduced_0", "dataset_config": {"class_list": ["Background", "Car", "Van", "Truck", "Pedestrian", "Person_sitting", "Cyclist", "Tram", "Misc", "DontCare"], "num_classes": 10}, "val_iou": 0.18578366935253143, "val_precision": 0.8954484728822202, "val_recall": 0.8728300618020565, "val_f1": 0.8839047346056121, "val_map": 0.7732391772485767, "test_iou": 0.18789422512054443, "test_precision": 0.9058961939730984, "test_recall": 0.8653450083931445, "test_f1": 0.8847166087338431, "test_map": 0.787257942619541, "Car_ap": 0.9660938709778013, "Van_ap": 0.8489066215421726, "Truck_ap": 0.8870452150638973, "Pedestrian_ap": 0.7692465551881511, "Person_sitting_ap": 0.4257612779006811, "Cyclist_ap": 0.786690700698722, "Tram_ap": 0.9341820682466866, "Misc_ap": 0.5679871083705024}