{"name": "fasterrcnn_mobilenet_v3_large_320_fpn", "pretrained": true, "freeze_layers": false, "batch_size": 4, "dataset": "kittiv3_reduced_50_augmented_v3", "dataset_config": {"class_list": ["Background", "Car", "Van", "Truck", "Pedestrian", "Person_sitting", "Cyclist", "Tram", "Misc", "DontCare"], "num_classes": 10}, "val_iou": 0.1784510612487793, "val_precision": 0.7068067362821089, "val_recall": 0.6047231182083727, "val_f1": 0.6486820353100847, "val_map": 0.4505748447831472, "test_iou": 0.17180819809436798, "test_precision": 0.6743314066595276, "test_recall": 0.5688036637255858, "test_f1": 0.6133339621644954, "test_map": 0.37770145923814535, "Car_ap": 0.6017214059659433, "Van_ap": 0.40343093625316995, "Truck_ap": 0.47261884569681567, "Pedestrian_ap": 0.3800926584556529, "Person_sitting_ap": 0.7561895043924893, "Cyclist_ap": 0.20627477701830896, "Tram_ap": 0.5644190117172974, "Misc_ap": 0.21985161876549994}