{"name": "fasterrcnn_mobilenet_v3_large_fpn", "pretrained": true, "freeze_layers": false, "batch_size": 4, "dataset": "kittiv3_reduced_50", "dataset_config": {"class_list": ["Background", "Car", "Van", "Truck", "Pedestrian", "Person_sitting", "Cyclist", "Tram", "Misc", "DontCare"], "num_classes": 10}, "val_iou": 0.2050505131483078, "val_precision": 0.8073994108019326, "val_recall": 0.7561804445693016, "val_f1": 0.7804010670117595, "val_map": 0.6149730738165349, "test_iou": 0.20837679505348206, "test_precision": 0.8183127424564686, "test_recall": 0.7691518514254603, "test_f1": 0.7921441084710521, "test_map": 0.6415422774702162, "Car_ap": 0.8716198248517059, "Van_ap": 0.6202694169483994, "Truck_ap": 0.7303987296323871, "Pedestrian_ap": 0.5991880078121485, "Person_sitting_ap": 0.31523607744283105, "Cyclist_ap": 0.538640863306633, "Tram_ap": 0.8600520844985532, "Misc_ap": 0.3843795860396217}