{"name": "fasterrcnn_resnet50_fpn_v2", "pretrained": true, "freeze_layers": false, "batch_size": 4, "dataset": "kitti", "dataset_config": {"class_list": ["Background", "Car", "Van", "Truck", "Pedestrian", "Person_sitting", "Cyclist", "Tram", "Misc", "DontCare"], "num_classes": 10}, "val_iou": 0.24533797800540924, "val_precision": 0.9468933518320953, "val_recall": 0.9254782062455221, "val_f1": 0.9359482874266988, "val_map": 0.8624862985326642, "test_iou": 0.24354073405265808, "test_precision": 0.9601331227269961, "test_recall": 0.933510465393493, "test_f1": 0.9458557141276464, "test_map": 0.8898497184833681, "Car_ap": 0.9807040075901072, "Van_ap": 0.9724402546673828, "Truck_ap": 0.935070516605605, "Pedestrian_ap": 0.866503216130055, "Person_sitting_ap": 0.42178644007977006, "Cyclist_ap": 0.9130978346714463, "Tram_ap": 0.9607842166668936, "Misc_ap": 0.849503901850054}