{"name": "fasterrcnn_resnet50_fpn_v2", "pretrained": true, "freeze_layers": false, "batch_size": 4, "dataset": "kitti_reduced_50", "dataset_config": {"class_list": ["Background", "Car", "Van", "Truck", "Pedestrian", "Person_sitting", "Cyclist", "Tram", "Misc", "DontCare"], "num_classes": 10}, "val_iou": 0.2368018627166748, "val_precision": 0.9161749010335298, "val_recall": 0.8843410223746033, "val_f1": 0.8995595268551996, "val_map": 0.8107550441611179, "test_iou": 0.24149326980113983, "test_precision": 0.9164474312895108, "test_recall": 0.8868768849435765, "test_f1": 0.9007965303450394, "test_map": 0.8263082970443949, "Car_ap": 0.9717146236117815, "Van_ap": 0.9232919933306858, "Truck_ap": 0.8992151505773307, "Pedestrian_ap": 0.8576184602114749, "Person_sitting_ap": 0.2597013444082996, "Cyclist_ap": 0.8325072776161515, "Tram_ap": 0.9304941609771704, "Misc_ap": 0.8114973425560487}