{"name": "fasterrcnn_mobilenet_v3_large_fpn", "pretrained": true, "freeze_layers": false, "batch_size": 4, "dataset": "kitti_reduced_0_augmented_v2m", "dataset_config": {"class_list": ["Background", "Car", "Van", "Truck", "Pedestrian", "Person_sitting", "Cyclist", "Tram", "Misc", "DontCare"], "num_classes": 10}, "val_iou": 0.2186075896024704, "val_precision": 0.8730812199356401, "val_recall": 0.8418617755492056, "val_f1": 0.8568216075469631, "val_map": 0.748696105855537, "test_iou": 0.20930644869804382, "test_precision": 0.8769493524412932, "test_recall": 0.8357567012422134, "test_f1": 0.8555006268756847, "test_map": 0.7314173458602178, "Car_ap": 0.898817719387926, "Van_ap": 0.8080883124924487, "Truck_ap": 0.8024744541212492, "Pedestrian_ap": 0.6313201296253722, "Person_sitting_ap": 0.7581356989801584, "Cyclist_ap": 0.5876324033322243, "Tram_ap": 0.9158694129919386, "Misc_ap": 0.5872307159129789}