{"name": "fasterrcnn_mobilenet_v3_large_fpn", "pretrained": true, "freeze_layers": false, "batch_size": 4, "dataset": "kitti_reduced_50", "dataset_config": {"class_list": ["Background", "Car", "Van", "Truck", "Pedestrian", "Person_sitting", "Cyclist", "Tram", "Misc", "DontCare"], "num_classes": 10}, "val_iou": 0.20359325408935547, "val_precision": 0.8096465438178586, "val_recall": 0.756945255968346, "val_f1": 0.7816758474161881, "val_map": 0.6165059228614393, "test_iou": 0.2065029889345169, "test_precision": 0.8239186630633222, "test_recall": 0.7725797468214863, "test_f1": 0.7965043576621368, "test_map": 0.6467902686020677, "Car_ap": 0.8766103875512749, "Van_ap": 0.6372803257625288, "Truck_ap": 0.7303987296323871, "Pedestrian_ap": 0.6086505677291325, "Person_sitting_ap": 0.31523607744283105, "Cyclist_ap": 0.5531939486966475, "Tram_ap": 0.8257802859437916, "Misc_ap": 0.3848970601329215}