{"name": "fasterrcnn_mobilenet_v3_large_320_fpn", "pretrained": false, "freeze_layers": false, "batch_size": 4, "dataset": "kitti", "dataset_config": {"class_list": ["Background", "Car", "Van", "Truck", "Pedestrian", "Person_sitting", "Cyclist", "Tram", "Misc", "DontCare"], "num_classes": 10}, "val_iou": 0.14939430356025696, "val_precision": 0.6120640443046879, "val_recall": 0.47810423507711775, "val_f1": 0.5327875433387398, "val_map": 0.3001709792054843, "test_iou": 0.15066219866275787, "test_precision": 0.6428795990291031, "test_recall": 0.5190836738378815, "test_f1": 0.5709656757117857, "test_map": 0.35690111106298095, "Car_ap": 0.5362755054623807, "Van_ap": 0.3449852235640408, "Truck_ap": 0.3556755577958807, "Pedestrian_ap": 0.2828456370693694, "Person_sitting_ap": 0.21214890504647158, "Cyclist_ap": 0.2104687188179049, "Tram_ap": 0.28256772089349835, "Misc_ap": 0.17640056499432785}