{"name": "fasterrcnn_mobilenet_v3_large_fpn", "pretrained": true, "freeze_layers": false, "batch_size": 4, "dataset": "kittiv3_reduced_50_augmented_v3", "dataset_config": {"class_list": ["Background", "Car", "Van", "Truck", "Pedestrian", "Person_sitting", "Cyclist", "Tram", "Misc", "DontCare"], "num_classes": 10}, "val_iou": 0.22048406302928925, "val_precision": 0.8250138414830468, "val_recall": 0.7860521563000433, "val_f1": 0.8047292310510658, "val_map": 0.6539354167112622, "test_iou": 0.21102364361286163, "test_precision": 0.8398978256645653, "test_recall": 0.7883950676042871, "test_f1": 0.8131061990988474, "test_map": 0.663866642943388, "Car_ap": 0.868966461584002, "Van_ap": 0.6821090844028529, "Truck_ap": 0.706631699505392, "Pedestrian_ap": 0.6090112001672097, "Person_sitting_ap": 0.6190481347164571, "Cyclist_ap": 0.551211357968741, "Tram_ap": 0.7930148863673409, "Misc_ap": 0.4014905089781023}