{"name": "fasterrcnn_mobilenet_v3_large_320_fpn", "pretrained": true, "freeze_layers": false, "batch_size": 4, "dataset": "kittiv3_reduced_50", "dataset_config": {"class_list": ["Background", "Car", "Van", "Truck", "Pedestrian", "Person_sitting", "Cyclist", "Tram", "Misc", "DontCare"], "num_classes": 10}, "val_iou": 0.18358096480369568, "val_precision": 0.6074619846400265, "val_recall": 0.491216070453212, "val_f1": 0.5386558425053869, "val_map": 0.3311805975826365, "test_iou": 0.1865393966436386, "test_precision": 0.6457480932179398, "test_recall": 0.5521072819679238, "test_f1": 0.5924854751926275, "test_map": 0.3687066794655409, "Car_ap": 0.6158284568582241, "Van_ap": 0.3807244443398462, "Truck_ap": 0.48035109120480923, "Pedestrian_ap": 0.36861722052108514, "Person_sitting_ap": 0.023809518271412138, "Cyclist_ap": 0.3151251306866266, "Tram_ap": 0.31310912442518996, "Misc_ap": 0.15187979435389856}