{"name": "fasterrcnn_resnet50_fpn_v2", "pretrained": false, "freeze_layers": false, "batch_size": 4, "dataset": "kittiv3_reduced_50_augmented_v3", "dataset_config": {"class_list": ["Background", "Car", "Van", "Truck", "Pedestrian", "Person_sitting", "Cyclist", "Tram", "Misc", "DontCare"], "num_classes": 10}, "val_iou": 0.09914210438728333, "val_precision": 0.25181770261415404, "val_recall": 0.2231831920890342, "val_f1": 0.2349448087717285, "val_map": 0.14915761163370247, "test_iou": 0.10113950073719025, "test_precision": 0.26138686494950175, "test_recall": 0.22778850716889315, "test_f1": 0.24115511354741836, "test_map": 0.15815834830001235, "Car_ap": 0.7886453962433471, "Van_ap": 0.146822413610357, "Truck_ap": 0.24711449211360895, "Pedestrian_ap": 0.010678591102306872, "Person_sitting_ap": 0.0, "Cyclist_ap": 0.0, "Tram_ap": 0.0, "Misc_ap": 0.0}