{"name": "fasterrcnn_resnet50_fpn", "pretrained": true, "freeze_layers": false, "batch_size": 4, "dataset": "kitti_reduced_0", "dataset_config": {"class_list": ["Background", "Car", "Van", "Truck", "Pedestrian", "Person_sitting", "Cyclist", "Tram", "Misc", "DontCare"], "num_classes": 10}, "val_iou": 0.21436335146427155, "val_precision": 0.9272402013811671, "val_recall": 0.9028998393018824, "val_f1": 0.9147551934597634, "val_map": 0.8253285299204705, "test_iou": 0.22484898567199707, "test_precision": 0.942324879280003, "test_recall": 0.9056595847772438, "test_f1": 0.9229314551067778, "test_map": 0.853039074251984, "Car_ap": 0.9708268104130604, "Van_ap": 0.9319061615359394, "Truck_ap": 0.9211581269787984, "Pedestrian_ap": 0.8181998809963102, "Person_sitting_ap": 0.416017215555605, "Cyclist_ap": 0.8347617037468572, "Tram_ap": 0.9304941609771704, "Misc_ap": 0.7792641791600221}