{"name": "fasterrcnn_mobilenet_v3_large_fpn", "pretrained": false, "freeze_layers": false, "batch_size": 4, "dataset": "kittiv3_reduced_50", "dataset_config": {"class_list": ["Background", "Car", "Van", "Truck", "Pedestrian", "Person_sitting", "Cyclist", "Tram", "Misc", "DontCare"], "num_classes": 10}, "val_iou": 0.1471715122461319, "val_precision": 0.7692058065089261, "val_recall": 0.6941899464066027, "val_f1": 0.7275365800361653, "val_map": 0.545238329578505, "test_iou": 0.1496007740497589, "test_precision": 0.7880436068300666, "test_recall": 0.7206710584784389, "test_f1": 0.750560109299033, "test_map": 0.5870794374527561, "Car_ap": 0.8685866454262933, "Van_ap": 0.544183890079444, "Truck_ap": 0.7209348831080956, "Pedestrian_ap": 0.5605145033869606, "Person_sitting_ap": 0.2036407489999901, "Cyclist_ap": 0.46167708482121905, "Tram_ap": 0.6493646597101265, "Misc_ap": 0.3530042210959114}