{"name": "fasterrcnn_resnet50_fpn_v2", "pretrained": true, "freeze_layers": false, "batch_size": 4, "dataset": "kittiv3_reduced_0", "dataset_config": {"class_list": ["Background", "Car", "Van", "Truck", "Pedestrian", "Person_sitting", "Cyclist", "Tram", "Misc", "DontCare"], "num_classes": 10}, "val_iou": 0.2526281774044037, "val_precision": 0.9332469891476657, "val_recall": 0.908288598888954, "val_f1": 0.9204707618973033, "val_map": 0.8385244574697699, "test_iou": 0.25303882360458374, "test_precision": 0.9575261149535526, "test_recall": 0.9194084796305627, "test_f1": 0.9373499655074314, "test_map": 0.8765343074374217, "Car_ap": 0.9794955157804023, "Van_ap": 0.967998000947241, "Truck_ap": 0.935070516605605, "Pedestrian_ap": 0.8685047962847547, "Person_sitting_ap": 0.31523607744283105, "Cyclist_ap": 0.8748227583348809, "Tram_ap": 0.9607842166668936, "Misc_ap": 0.8062837776955508}