{"name": "fasterrcnn_mobilenet_v3_large_320_fpn", "pretrained": false, "freeze_layers": false, "batch_size": 4, "dataset": "kittiv3_reduced_50", "dataset_config": {"class_list": ["Background", "Car", "Van", "Truck", "Pedestrian", "Person_sitting", "Cyclist", "Tram", "Misc", "DontCare"], "num_classes": 10}, "val_iou": 0.13716161251068115, "val_precision": 0.501550920714614, "val_recall": 0.36129071928452283, "val_f1": 0.4111361908303434, "val_map": 0.2034365193395979, "test_iou": 0.13604669272899628, "test_precision": 0.5202015045829147, "test_recall": 0.38355046299876056, "test_f1": 0.4341922520148575, "test_map": 0.22191716652710264, "Car_ap": 0.5262424014266602, "Van_ap": 0.24783127275741892, "Truck_ap": 0.30717530192875475, "Pedestrian_ap": 0.21561838684923873, "Person_sitting_ap": 0.00769230556213065, "Cyclist_ap": 0.11422496710935719, "Tram_ap": 0.12926627732238452, "Misc_ap": 0.07944124176083814}