{"name": "fasterrcnn_mobilenet_v3_large_fpn", "pretrained": false, "freeze_layers": false, "batch_size": 4, "dataset": "kitti_reduced_50_augmented_v2m", "dataset_config": {"class_list": ["Background", "Car", "Van", "Truck", "Pedestrian", "Person_sitting", "Cyclist", "Tram", "Misc", "DontCare"], "num_classes": 10}, "val_iou": 0.1704980731010437, "val_precision": 0.7898918052209863, "val_recall": 0.7420580572364792, "val_f1": 0.764475910006483, "val_map": 0.5993889654252915, "test_iou": 0.1659676879644394, "test_precision": 0.8183044505428775, "test_recall": 0.7686512777277336, "test_f1": 0.7920395631931446, "test_map": 0.6303499830516699, "Car_ap": 0.828939680776576, "Van_ap": 0.5326251412230274, "Truck_ap": 0.6085579389232617, "Pedestrian_ap": 0.5626620398985043, "Person_sitting_ap": 0.6529770061295277, "Cyclist_ap": 0.4399696813330717, "Tram_ap": 0.739283447030085, "Misc_ap": 0.4300967880882779}