{"name": "fasterrcnn_resnet50_fpn", "pretrained": false, "freeze_layers": false, "batch_size": 4, "dataset": "kitti", "dataset_config": {"class_list": ["Background", "Car", "Van", "Truck", "Pedestrian", "Person_sitting", "Cyclist", "Tram", "Misc", "DontCare"], "num_classes": 10}, "val_iou": 0.17229953408241272, "val_precision": 0.8967839541312084, "val_recall": 0.8611621927717636, "val_f1": 0.8781682281821235, "val_map": 0.7683157105281118, "test_iou": 0.17695213854312897, "test_precision": 0.909922936693173, "test_recall": 0.8701623498970865, "test_f1": 0.8890713095794358, "test_map": 0.8026733686166403, "Car_ap": 0.9718262762958297, "Van_ap": 0.9140908235448715, "Truck_ap": 0.8783745802082322, "Pedestrian_ap": 0.7788141814836587, "Person_sitting_ap": 0.2597013444082996, "Cyclist_ap": 0.7914939075237359, "Tram_ap": 0.9607842166668936, "Misc_ap": 0.5914403540933728}