{"name": "fasterrcnn_mobilenet_v3_large_fpn", "pretrained": true, "freeze_layers": false, "batch_size": 4, "dataset": "kitti", "dataset_config": {"class_list": ["Background", "Car", "Van", "Truck", "Pedestrian", "Person_sitting", "Cyclist", "Tram", "Misc", "DontCare"], "num_classes": 10}, "val_iou": 0.22688144445419312, "val_precision": 0.835968076282173, "val_recall": 0.767243932117199, "val_f1": 0.7989115649048167, "val_map": 0.6359673385724893, "test_iou": 0.23019862174987793, "test_precision": 0.8572398398320911, "test_recall": 0.7907168222159833, "test_f1": 0.8212832498961474, "test_map": 0.6913458604626214, "Car_ap": 0.8972097645519136, "Van_ap": 0.6841433088717899, "Truck_ap": 0.7501636636148827, "Pedestrian_ap": 0.6199081425482775, "Person_sitting_ap": 0.21509597179142592, "Cyclist_ap": 0.6031328270349391, "Tram_ap": 0.8871663396019235, "Misc_ap": 0.43091869056476245}