{"name": "fasterrcnn_resnet50_fpn_v2", "pretrained": false, "freeze_layers": false, "batch_size": 4, "dataset": "kitti_reduced_0_augmented_v2m", "dataset_config": {"class_list": ["Background", "Car", "Van", "Truck", "Pedestrian", "Person_sitting", "Cyclist", "Tram", "Misc", "DontCare"], "num_classes": 10}, "val_iou": 0.1138119250535965, "val_precision": 0.4807526297387171, "val_recall": 0.4401059088548806, "val_f1": 0.45379457613359386, "val_map": 0.3088225870939279, "test_iou": 0.11202497035264969, "test_precision": 0.5087788060017917, "test_recall": 0.46495430661787734, "test_f1": 0.47804211008031433, "test_map": 0.34126921914188335, "Car_ap": 0.892460330799921, "Van_ap": 0.5332518026021681, "Truck_ap": 0.5264588164705868, "Pedestrian_ap": 0.28764093693466675, "Person_sitting_ap": 0.0, "Cyclist_ap": 0.15777497435003474, "Tram_ap": 0.005282330249369134, "Misc_ap": 0.06771150534467651}