{"name": "fasterrcnn_resnet50_fpn", "pretrained": true, "freeze_layers": false, "batch_size": 4, "dataset": "kitti", "dataset_config": {"class_list": ["Background", "Car", "Van", "Truck", "Pedestrian", "Person_sitting", "Cyclist", "Tram", "Misc", "DontCare"], "num_classes": 10}, "val_iou": 0.2450343519449234, "val_precision": 0.9034281811833667, "val_recall": 0.8764591107602855, "val_f1": 0.8894224306237176, "val_map": 0.8129609960273525, "test_iou": 0.2512553930282593, "test_precision": 0.958270890961874, "test_recall": 0.9202553862420672, "test_f1": 0.9380924779535879, "test_map": 0.8790700310514832, "Car_ap": 0.9712999842385437, "Van_ap": 0.9478696152740932, "Truck_ap": 0.9529216936450842, "Pedestrian_ap": 0.8329157149660522, "Person_sitting_ap": 0.12727408688857117, "Cyclist_ap": 0.8527331475921749, "Tram_ap": 0.9607842166668936, "Misc_ap": 0.8578895089474066}