{
  "name": "fasterrcnn_resnet50_fpn",
  "pretrained": true,
  "freeze_layers": false,
  "batch_size": 4,
  "dataset": "kitti_reduced_50",
  "dataset_config": {
    "class_list": [
      "Background",
      "Car",
      "Van",
      "Truck",
      "Pedestrian",
      "Person_sitting",
      "Cyclist",
      "Tram",
      "Misc",
      "DontCare"
    ],
    "num_classes": 10
  },
  "val_iou": 0.2021501660346985,
  "val_precision": 0.8899492209271117,
  "val_recall": 0.8586058493850159,
  "val_f1": 0.8735206111932963,
  "val_map": 0.7631982929657372,
  "test_iou": 0.2079322338104248,
  "test_precision": 0.9185040707121251,
  "test_recall": 0.8849554804910027,
  "test_f1": 0.9007058773123349,
  "test_map": 0.8036325048518826,
  "Car_ap": 0.9613700404192778,
  "Van_ap": 0.9426460254051834,
  "Truck_ap": 0.8790354209393988,
  "Pedestrian_ap": 0.7581046824078763,
  "Person_sitting_ap": 0.24303468983564352,
  "Cyclist_ap": 0.7978459999199147,
  "Tram_ap": 0.9027572778222932,
  "Misc_ap": 0.62079220697631
}
