{"name": "fasterrcnn_mobilenet_v3_large_fpn", "pretrained": false, "freeze_layers": false, "batch_size": 4, "dataset": "kittiv3_reduced_0", "dataset_config": {"class_list": ["Background", "Car", "Van", "Truck", "Pedestrian", "Person_sitting", "Cyclist", "Tram", "Misc", "DontCare"], "num_classes": 10}, "val_iou": 0.20407164096832275, "val_precision": 0.823988971836675, "val_recall": 0.7673188705245657, "val_f1": 0.7936411488715437, "val_map": 0.6365845633797325, "test_iou": 0.2077873945236206, "test_precision": 0.854961726003923, "test_recall": 0.7975620216801711, "test_f1": 0.8241219546961901, "test_map": 0.7004897215747331, "Car_ap": 0.8724170014879327, "Van_ap": 0.7642441444205268, "Truck_ap": 0.8086157072913467, "Pedestrian_ap": 0.603101889223682, "Person_sitting_ap": 0.16748387017504085, "Cyclist_ap": 0.4675446651909421, "Tram_ap": 0.879796502585104, "Misc_ap": 0.5294727266632837}