{"name": "fasterrcnn_resnet50_fpn", "pretrained": true, "freeze_layers": false, "batch_size": 4, "dataset": "kittiv3_reduced_0", "dataset_config": {"class_list": ["Background", "Car", "Van", "Truck", "Pedestrian", "Person_sitting", "Cyclist", "Tram", "Misc", "DontCare"], "num_classes": 10}, "val_iou": 0.21764680743217468, "val_precision": 0.9290237137623996, "val_recall": 0.9067261539754043, "val_f1": 0.9175953145603992, "val_map": 0.8290271690737436, "test_iou": 0.22227565944194794, "test_precision": 0.9488510048032787, "test_recall": 0.9121650180850783, "test_f1": 0.9293875382774472, "test_map": 0.8638171728066555, "Car_ap": 0.9719393772161906, "Van_ap": 0.9323820081636244, "Truck_ap": 0.920872054637161, "Pedestrian_ap": 0.8199314764014548, "Person_sitting_ap": 0.416017215555605, "Cyclist_ap": 0.8523323581743767, "Tram_ap": 0.9607842166668936, "Misc_ap": 0.7579586457746424}