{
    "name": "fasterrcnn_resnet50_fpn",
    "pretrained": true,
    "freeze_layers": false,
    "batch_size": 4,
    "dataset": "kittiv3_reduced_50_augmented_v3",
    "dataset_config": {
        "class_list": [
            "Background",
            "Car",
            "Van",
            "Truck",
            "Pedestrian",
            "Person_sitting",
            "Cyclist",
            "Tram",
            "Misc",
            "DontCare"
        ],
        "num_classes": 10
    },
    "val_iou": 0.19852690398693085,
    "val_precision": 0.9296960959663211,
    "val_recall": 0.9110001668753376,
    "val_f1": 0.9201735259678671,
    "val_map": 0.8467218828782926,
    "test_iou": 0.18974675238132477,
    "test_precision": 0.9264051757013448,
    "test_recall": 0.905037016311853,
    "test_f1": 0.9154467774130786,
    "test_map": 0.8266947362264991,
    "Car_ap": 0.9554751314211549,
    "Van_ap": 0.8705948660201865,
    "Truck_ap": 0.8684236937899644,
    "Pedestrian_ap": 0.8527006928534462,
    "Person_sitting_ap": 0.7638614604922789,
    "Cyclist_ap": 0.7580145486981498,
    "Tram_ap": 0.9480877325837425,
    "Misc_ap": 0.7566169371674178
}