{"name": "fasterrcnn_mobilenet_v3_large_320_fpn", "pretrained": false, "freeze_layers": false, "batch_size": 4, "dataset": "kitti", "dataset_config": {"class_list": ["Background", "Car", "Van", "Truck", "Pedestrian", "Person_sitting", "Cyclist", "Tram", "Misc", "DontCare"], "num_classes": 10}, "val_iou": 0.1730423867702484, "val_precision": 0.6467825945236079, "val_recall": 0.5721353668615189, "val_f1": 0.6062057391431966, "val_map": 0.38141665198160246, "test_iou": 0.1747315227985382, "test_precision": 0.6811777003467224, "test_recall": 0.6057218663065711, "test_f1": 0.6402224301294613, "test_map": 0.4367529954943168, "Car_ap": 0.6184943682140662, "Van_ap": 0.4560912276928325, "Truck_ap": 0.5513781600622807, "Pedestrian_ap": 0.2958240355706915, "Person_sitting_ap": 0.11029385113963361, "Cyclist_ap": 0.3150239900973958, "Tram_ap": 0.5251995572823752, "Misc_ap": 0.17902802579354407}