{"name": "fasterrcnn_mobilenet_v3_large_fpn", "pretrained": false, "freeze_layers": false, "batch_size": 4, "dataset": "kitti", "dataset_config": {"class_list": ["Background", "Car", "Van", "Truck", "Pedestrian", "Person_sitting", "Cyclist", "Tram", "Misc", "DontCare"], "num_classes": 10}, "val_iou": 0.17843616008758545, "val_precision": 0.812710389357923, "val_recall": 0.7579877359402635, "val_f1": 0.7837538793827705, "val_map": 0.611501013816385, "test_iou": 0.18057942390441895, "test_precision": 0.8569848298363084, "test_recall": 0.7884917014796444, "test_f1": 0.8195667154571289, "test_map": 0.6852811335738871, "Car_ap": 0.9001046733014215, "Van_ap": 0.6755616954624079, "Truck_ap": 0.6982235863304106, "Pedestrian_ap": 0.5853344392325839, "Person_sitting_ap": 0.31523607744283105, "Cyclist_ap": 0.5122367715329673, "Tram_ap": 0.8489177279556785, "Misc_ap": 0.3563931392727795}