{"name": "fasterrcnn_mobilenet_v3_large_320_fpn", "pretrained": false, "freeze_layers": false, "batch_size": 4, "dataset": "kitti_reduced_0_augmented_v2m", "dataset_config": {"class_list": ["Background", "Car", "Van", "Truck", "Pedestrian", "Person_sitting", "Cyclist", "Tram", "Misc", "DontCare"], "num_classes": 10}, "val_iou": 0.17618954181671143, "val_precision": 0.7017003657203001, "val_recall": 0.6028813314990411, "val_f1": 0.645384834417301, "val_map": 0.44475039456073234, "test_iou": 0.1666341871023178, "test_precision": 0.6957745947838092, "test_recall": 0.6049421787805801, "test_f1": 0.6451294690910713, "test_map": 0.4114991777338244, "Car_ap": 0.6121622366231962, "Van_ap": 0.48450817573751115, "Truck_ap": 0.5013884446144167, "Pedestrian_ap": 0.31166898415207556, "Person_sitting_ap": 0.5642540434992143, "Cyclist_ap": 0.20568295963892647, "Tram_ap": 0.5892115296053885, "Misc_ap": 0.28912678261512986}