{"name": "fasterrcnn_mobilenet_v3_large_fpn", "pretrained": true, "freeze_layers": false, "batch_size": 4, "dataset": "kittiv3_reduced_0", "dataset_config": {"class_list": ["Background", "Car", "Van", "Truck", "Pedestrian", "Person_sitting", "Cyclist", "Tram", "Misc", "DontCare"], "num_classes": 10}, "val_iou": 0.23459704220294952, "val_precision": 0.8336657482849357, "val_recall": 0.7554638445617715, "val_f1": 0.7911333708201744, "val_map": 0.6412243698752571, "test_iou": 0.23508666455745697, "test_precision": 0.8548083258508177, "test_recall": 0.7875875807538084, "test_f1": 0.818863058544784, "test_map": 0.6870262192185107, "Car_ap": 0.8988202345188889, "Van_ap": 0.7299761547337635, "Truck_ap": 0.7804710812477501, "Pedestrian_ap": 0.6584309052931042, "Person_sitting_ap": 0.12338214691480642, "Cyclist_ap": 0.5219791733461363, "Tram_ap": 0.895920832337022, "Misc_ap": 0.5208144306105856}