{"name": "fasterrcnn_mobilenet_v3_large_320_fpn", "pretrained": true, "freeze_layers": false, "batch_size": 4, "dataset": "kitti", "dataset_config": {"class_list": ["Background", "Car", "Van", "Truck", "Pedestrian", "Person_sitting", "Cyclist", "Tram", "Misc", "DontCare"], "num_classes": 10}, "val_iou": 0.2218930572271347, "val_precision": 0.7089866954736689, "val_recall": 0.6140743822316423, "val_f1": 0.6564549619548822, "val_map": 0.44860986654383356, "test_iou": 0.22119884192943573, "test_precision": 0.7524490031459156, "test_recall": 0.6616703704766106, "test_f1": 0.7029402384251829, "test_map": 0.51504818608093, "Car_ap": 0.6300916863169936, "Van_ap": 0.5037555675335841, "Truck_ap": 0.629240516701028, "Pedestrian_ap": 0.41631744580183805, "Person_sitting_ap": 0.09622597891647548, "Cyclist_ap": 0.43050842126862227, "Tram_ap": 0.681891363822059, "Misc_ap": 0.200847951990068}