{"name": "fasterrcnn_resnet50_fpn", "pretrained": false, "freeze_layers": false, "batch_size": 4, "dataset": "kittiv3_reduced_50_augmented_v3", "dataset_config": {"class_list": ["Background", "Car", "Van", "Truck", "Pedestrian", "Person_sitting", "Cyclist", "Tram", "Misc", "DontCare"], "num_classes": 10}, "val_iou": 0.17244769632816315, "val_precision": 0.8489026509867839, "val_recall": 0.8271030090807846, "val_f1": 0.8376971472532663, "val_map": 0.6962899378750961, "test_iou": 0.16811545193195343, "test_precision": 0.8300553518459615, "test_recall": 0.8013105543436232, "test_f1": 0.8151997849583064, "test_map": 0.6679639423001434, "Car_ap": 0.9394509606619994, "Van_ap": 0.7610890232139118, "Truck_ap": 0.6974560920144541, "Pedestrian_ap": 0.7452568201986034, "Person_sitting_ap": 0.40372116526739055, "Cyclist_ap": 0.619295469827751, "Tram_ap": 0.931965274993973, "Misc_ap": 0.4720846968226856}