{"name": "fasterrcnn_mobilenet_v3_large_fpn", "pretrained": false, "freeze_layers": false, "batch_size": 4, "dataset": "kitti_reduced_0", "dataset_config": {"class_list": ["Background", "Car", "Van", "Truck", "Pedestrian", "Person_sitting", "Cyclist", "Tram", "Misc", "DontCare"], "num_classes": 10}, "val_iou": 0.20698325335979462, "val_precision": 0.8286818184559256, "val_recall": 0.7694175871904331, "val_f1": 0.7971364511580734, "val_map": 0.6452927382912714, "test_iou": 0.21107614040374756, "test_precision": 0.8440029185129307, "test_recall": 0.7821998660128765, "test_f1": 0.810797000888708, "test_map": 0.6794028824443847, "Car_ap": 0.8535994692167359, "Van_ap": 0.7190955717450349, "Truck_ap": 0.7734924693641381, "Pedestrian_ap": 0.5914862206950735, "Person_sitting_ap": 0.16748387017504085, "Cyclist_ap": 0.5273941188642998, "Tram_ap": 0.9324247054605089, "Misc_ap": 0.5973654808093389}