{"name": "fasterrcnn_mobilenet_v3_large_320_fpn", "pretrained": true, "freeze_layers": false, "batch_size": 4, "dataset": "kittiv3_reduced_0", "dataset_config": {"class_list": ["Background", "Car", "Van", "Truck", "Pedestrian", "Person_sitting", "Cyclist", "Tram", "Misc", "DontCare"], "num_classes": 10}, "val_iou": 0.18030232191085815, "val_precision": 0.6675615316870882, "val_recall": 0.5817523362172338, "val_f1": 0.6201347088600874, "val_map": 0.401395538188147, "test_iou": 0.185237854719162, "test_precision": 0.7088561757785192, "test_recall": 0.6281404141466106, "test_f1": 0.6641198645316501, "test_map": 0.46646647152244447, "Car_ap": 0.6297687128430565, "Van_ap": 0.4255878225072781, "Truck_ap": 0.5089069120837388, "Pedestrian_ap": 0.39076342688429655, "Person_sitting_ap": 0.10731766163869946, "Cyclist_ap": 0.3993052361270192, "Tram_ap": 0.5491296493124616, "Misc_ap": 0.20038488410862568}