{"name": "fasterrcnn_mobilenet_v3_large_320_fpn", "pretrained": false, "freeze_layers": false, "batch_size": 4, "dataset": "kitti_augmented", "dataset_config": {"class_list": ["Background", "Car", "Van", "Truck", "Pedestrian", "Person_sitting", "Cyclist", "Tram", "Misc", "DontCare"], "num_classes": 10}, "val_iou": 0.15877746045589447, "val_precision": 0.5949253709453557, "val_recall": 0.4651569695054597, "val_f1": 0.5180771629034392, "val_map": 0.28081364114310337, "test_iou": 0.1564515233039856, "test_precision": 0.6681472154793071, "test_recall": 0.5102444935422101, "test_f1": 0.5711688066904829, "test_map": 0.3484216092414776, "Car_ap": 0.536122119770233, "Van_ap": 0.3249718496417241, "Truck_ap": 0.3223385088927404, "Pedestrian_ap": 0.24950850729567575, "Person_sitting_ap": 0.166864640444861, "Cyclist_ap": 0.13504042168242059, "Tram_ap": 0.3024981420772178, "Misc_ap": 0.20916493933995428}