{
    "name": "fasterrcnn_resnet50_fpn",
    "pretrained": true,
    "freeze_layers": false,
    "batch_size": 4,
    "dataset": "kittiv3_reduced_50",
    "dataset_config": {
        "class_list": [
            "Background",
            "Car",
            "Van",
            "Truck",
            "Pedestrian",
            "Person_sitting",
            "Cyclist",
            "Tram",
            "Misc",
            "DontCare"
        ],
        "num_classes": 10
    },
    "val_iou": 0.2031422257423401,
    "val_precision": 0.899409540658682,
    "val_recall": 0.8737801493786505,
    "val_f1": 0.8862431531611484,
    "val_map": 0.778970710381091,
    "test_iou": 0.21203312277793884,
    "test_precision": 0.9124373643327334,
    "test_recall": 0.8793337042643932,
    "test_f1": 0.8948665174201815,
    "test_map": 0.7925787733467073,
    "Car_ap": 0.9644711316981076,
    "Van_ap": 0.922180894460099,
    "Truck_ap": 0.8904299729951309,
    "Pedestrian_ap": 0.762068796743749,
    "Person_sitting_ap": 0.416017215555605,
    "Cyclist_ap": 0.8235190694783706,
    "Tram_ap": 0.8750408195227223,
    "Misc_ap": 0.5780377825949441
}