{"name": "fasterrcnn_resnet50_fpn", "pretrained": false, "freeze_layers": false, "batch_size": 4, "dataset": "kitti_reduced_0", "dataset_config": {"class_list": ["Background", "Car", "Van", "Truck", "Pedestrian", "Person_sitting", "Cyclist", "Tram", "Misc", "DontCare"], "num_classes": 10}, "val_iou": 0.1960490494966507, "val_precision": 0.8801037587779693, "val_recall": 0.8509686200987208, "val_f1": 0.8649626356497245, "val_map": 0.7417268095797604, "test_iou": 0.19989757239818573, "test_precision": 0.8934059460262374, "test_recall": 0.8466900825821979, "test_f1": 0.8688407588900864, "test_map": 0.7593218077667858, "Car_ap": 0.966924106785297, "Van_ap": 0.8254722835526326, "Truck_ap": 0.851132016244847, "Pedestrian_ap": 0.7797061721086113, "Person_sitting_ap": 0.2919391890543158, "Cyclist_ap": 0.7946546211657514, "Tram_ap": 0.9318020774294267, "Misc_ap": 0.49218401029720227}