{"name": "fasterrcnn_mobilenet_v3_large_320_fpn", "pretrained": false, "freeze_layers": false, "batch_size": 4, "dataset": "kittiv3_reduced_0_augmented_v3", "dataset_config": {"class_list": ["Background", "Car", "Van", "Truck", "Pedestrian", "Person_sitting", "Cyclist", "Tram", "Misc", "DontCare"], "num_classes": 10}, "val_iou": 0.16355779767036438, "val_precision": 0.6293294775456819, "val_recall": 0.503180931054961, "val_f1": 0.5540886647129182, "val_map": 0.3399561811014692, "test_iou": 0.16472961008548737, "test_precision": 0.61652213876243, "test_recall": 0.47166354627304485, "test_f1": 0.5296614326492077, "test_map": 0.2947637099134413, "Car_ap": 0.5581485973551583, "Van_ap": 0.3476108076753346, "Truck_ap": 0.38739736638525574, "Pedestrian_ap": 0.2852201344553123, "Person_sitting_ap": 0.4109436317069035, "Cyclist_ap": 0.190780750744161, "Tram_ap": 0.34682003331802685, "Misc_ap": 0.19272812717160118}