{"name": "fasterrcnn_resnet50_fpn_v2", "pretrained": false, "freeze_layers": false, "batch_size": 4, "dataset": "kitti_reduced_50", "dataset_config": {"class_list": ["Background", "Car", "Van", "Truck", "Pedestrian", "Person_sitting", "Cyclist", "Tram", "Misc", "DontCare"], "num_classes": 10}, "val_iou": 0.08304286003112793, "val_precision": 0.28273234229007566, "val_recall": 0.17387841547071617, "val_f1": 0.18728891811697332, "val_map": 0.12721606873715766, "test_iou": 0.08608703315258026, "test_precision": 0.2842470739017089, "test_recall": 0.1663400869517217, "test_f1": 0.17937919443031444, "test_map": 0.12247416403144572, "Car_ap": 0.7367455244081004, "Van_ap": 0.1769701737623714, "Truck_ap": 0.10376715153083303, "Pedestrian_ap": 0.0002457001959565204, "Person_sitting_ap": 0.0, "Cyclist_ap": 0.0, "Tram_ap": 0.0, "Misc_ap": 0.0}