{"name": "fasterrcnn_resnet50_fpn", "pretrained": true, "freeze_layers": false, "batch_size": 4, "dataset": "kittiv3_reduced_0_augmented_v3", "dataset_config": {"class_list": ["Background", "Car", "Van", "Truck", "Pedestrian", "Person_sitting", "Cyclist", "Tram", "Misc", "DontCare"], "num_classes": 10}, "val_iou": 0.23044857382774353, "val_precision": 0.9360324838038689, "val_recall": 0.9161383464189201, "val_f1": 0.9258500409249403, "val_map": 0.8595770613442144, "test_iou": 0.22226645052433014, "test_precision": 0.9441767563369685, "test_recall": 0.9220915246787136, "test_f1": 0.9328226081591485, "test_map": 0.856943477050697, "Car_ap": 0.957921320552273, "Van_ap": 0.9117172696341006, "Truck_ap": 0.9291593688298638, "Pedestrian_ap": 0.8698410844412744, "Person_sitting_ap": 0.7121117390270773, "Cyclist_ap": 0.7463207760161499, "Tram_ap": 0.9836064725955332, "Misc_ap": 0.7659384596574427}