{"name": "fasterrcnn_mobilenet_v3_large_320_fpn", "pretrained": true, "freeze_layers": false, "batch_size": 4, "dataset": "kitti", "dataset_config": {"class_list": ["Background", "Car", "Van", "Truck", "Pedestrian", "Person_sitting", "Cyclist", "Tram", "Misc", "DontCare"], "num_classes": 10}, "val_iou": 0.20180891454219818, "val_precision": 0.6621648501387343, "val_recall": 0.550261978905928, "val_f1": 0.5985263932882708, "val_map": 0.38275004849390204, "test_iou": 0.20259670913219452, "test_precision": 0.7287241021306953, "test_recall": 0.6247755566344221, "test_f1": 0.6707234750398896, "test_map": 0.47959947074899467, "Car_ap": 0.6292750420425971, "Van_ap": 0.3932510993425923, "Truck_ap": 0.5160378234176082, "Pedestrian_ap": 0.3696942988151427, "Person_sitting_ap": 0.04395603489315825, "Cyclist_ap": 0.36531923646904474, "Tram_ap": 0.5706852130970566, "Misc_ap": 0.17378163987401649}