{"name": "fasterrcnn_resnet50_fpn", "pretrained": false, "freeze_layers": false, "batch_size": 4, "dataset": "kitti_reduced_50_augmented_v2m", "dataset_config": {"class_list": ["Background", "Car", "Van", "Truck", "Pedestrian", "Person_sitting", "Cyclist", "Tram", "Misc", "DontCare"], "num_classes": 10}, "val_iou": 0.17564710974693298, "val_precision": 0.8750224132749733, "val_recall": 0.8610376571611136, "val_f1": 0.8679045464204633, "val_map": 0.7425007310796106, "test_iou": 0.16822688281536102, "test_precision": 0.8590514738383411, "test_recall": 0.8368387112563633, "test_f1": 0.8476576569826574, "test_map": 0.7169483234006111, "Car_ap": 0.9401083302630512, "Van_ap": 0.8241973072241295, "Truck_ap": 0.7724617303263865, "Pedestrian_ap": 0.7658011441851292, "Person_sitting_ap": 0.7177377865441512, "Cyclist_ap": 0.6834359498930244, "Tram_ap": 0.8258942390610892, "Misc_ap": 0.41036936113992273}