{"name": "fasterrcnn_resnet50_fpn_v2", "pretrained": true, "freeze_layers": false, "batch_size": 4, "dataset": "kittiv3_reduced_0_augmented_v3", "dataset_config": {"class_list": ["Background", "Car", "Van", "Truck", "Pedestrian", "Person_sitting", "Cyclist", "Tram", "Misc", "DontCare"], "num_classes": 10}, "val_iou": 0.2495100498199463, "val_precision": 0.9614766665964496, "val_recall": 0.9475111520921498, "val_f1": 0.9543700259495868, "val_map": 0.910734543589368, "test_iou": 0.24760904908180237, "test_precision": 0.9663298372089469, "test_recall": 0.9491657927945942, "test_f1": 0.9575958201961507, "test_map": 0.9001362033958187, "Car_ap": 0.9585131448511934, "Van_ap": 0.9405177420964601, "Truck_ap": 0.9336108474863446, "Pedestrian_ap": 0.8797827815115001, "Person_sitting_ap": 0.8823413841488741, "Cyclist_ap": 0.8369372001658124, "Tram_ap": 0.960294603118713, "Misc_ap": 0.8938786453360464}