{"name": "fasterrcnn_resnet50_fpn", "pretrained": false, "freeze_layers": false, "batch_size": 4, "dataset": "kitti_reduced_0_augmented_v2m", "dataset_config": {"class_list": ["Background", "Car", "Van", "Truck", "Pedestrian", "Person_sitting", "Cyclist", "Tram", "Misc", "DontCare"], "num_classes": 10}, "val_iou": 0.19308504462242126, "val_precision": 0.913805105622704, "val_recall": 0.8990227292181199, "val_f1": 0.906291071364197, "val_map": 0.8056282825982646, "test_iou": 0.18696874380111694, "test_precision": 0.9046966491869008, "test_recall": 0.8783697630805996, "test_f1": 0.8911518737254014, "test_map": 0.7819183405641981, "Car_ap": 0.9566193090034021, "Van_ap": 0.8749878837334483, "Truck_ap": 0.864383765086256, "Pedestrian_ap": 0.8016425366666229, "Person_sitting_ap": 0.7177377865441512, "Cyclist_ap": 0.6948572808909642, "Tram_ap": 0.8608022624780317, "Misc_ap": 0.6739954363832403}