{"name": "fasterrcnn_resnet50_fpn_v2", "pretrained": true, "freeze_layers": false, "batch_size": 4, "dataset": "kittiv3_reduced_50_augmented_v3", "dataset_config": {"class_list": ["Background", "Car", "Van", "Truck", "Pedestrian", "Person_sitting", "Cyclist", "Tram", "Misc", "DontCare"], "num_classes": 10}, "val_iou": 0.22772890329360962, "val_precision": 0.9516878242770445, "val_recall": 0.9338947114005789, "val_f1": 0.942575454906823, "val_map": 0.8840148125859852, "test_iou": 0.2274077981710434, "test_precision": 0.944205036510108, "test_recall": 0.9243247758451468, "test_f1": 0.9339865090192382, "test_map": 0.8589752088716869, "Car_ap": 0.9610703585234985, "Van_ap": 0.9242417723806826, "Truck_ap": 0.8955524978344749, "Pedestrian_ap": 0.8506062079603941, "Person_sitting_ap": 0.878753421865222, "Cyclist_ap": 0.8388660733378163, "Tram_ap": 0.9480877325837425, "Misc_ap": 0.7749404362020506}