{"name": "fasterrcnn_resnet50_fpn_v2", "pretrained": true, "freeze_layers": false, "batch_size": 4, "dataset": "kittiv3_reduced_50", "dataset_config": {"class_list": ["Background", "Car", "Van", "Truck", "Pedestrian", "Person_sitting", "Cyclist", "Tram", "Misc", "DontCare"], "num_classes": 10}, "val_iou": 0.23782794177532196, "val_precision": 0.9167654230185456, "val_recall": 0.8834641005834971, "val_f1": 0.8993771223050582, "val_map": 0.8078433831294487, "test_iou": 0.24318435788154602, "test_precision": 0.9153500312516274, "test_recall": 0.8882349613922805, "test_f1": 0.9009669033171516, "test_map": 0.8270921803410212, "Car_ap": 0.9718280495465199, "Van_ap": 0.9355074084921599, "Truck_ap": 0.9085157586183701, "Pedestrian_ap": 0.8168111349443397, "Person_sitting_ap": 0.2597013444082996, "Cyclist_ap": 0.8187557438062847, "Tram_ap": 0.9304941609771704, "Misc_ap": 0.8211334642424452}