{"name": "fasterrcnn_mobilenet_v3_large_fpn", "pretrained": true, "freeze_layers": false, "batch_size": 4, "dataset": "kittiv3_reduced_0_augmented_v3", "dataset_config": {"class_list": ["Background", "Car", "Van", "Truck", "Pedestrian", "Person_sitting", "Cyclist", "Tram", "Misc", "DontCare"], "num_classes": 10}, "val_iou": 0.2268589287996292, "val_precision": 0.8651625422092952, "val_recall": 0.8221364249820298, "val_f1": 0.8426563539727262, "val_map": 0.7241334727304194, "test_iou": 0.2155935913324356, "test_precision": 0.8584388512819161, "test_recall": 0.8176503086926823, "test_f1": 0.8371915146368526, "test_map": 0.6883652130398327, "Car_ap": 0.8937379269387236, "Van_ap": 0.7906990894880586, "Truck_ap": 0.8314794761992619, "Pedestrian_ap": 0.5999961043366189, "Person_sitting_ap": 0.5900447792848432, "Cyclist_ap": 0.5983820929097655, "Tram_ap": 0.9203479343697979, "Misc_ap": 0.568380378316285}