{"name": "fasterrcnn_resnet50_fpn_v2", "pretrained": false, "freeze_layers": false, "batch_size": 4, "dataset": "kittiv3_reduced_0_augmented_v3", "dataset_config": {"class_list": ["Background", "Car", "Van", "Truck", "Pedestrian", "Person_sitting", "Cyclist", "Tram", "Misc", "DontCare"], "num_classes": 10}, "val_iou": 0.07810293883085251, "val_precision": 0.5327705502465466, "val_recall": 0.4746681351913347, "val_f1": 0.49621602545082333, "val_map": 0.33037317265114374, "test_iou": 0.07959961891174316, "test_precision": 0.5719643579948696, "test_recall": 0.5060676182738933, "test_f1": 0.5304185954653887, "test_map": 0.36893266107157474, "Car_ap": 0.8764866151869435, "Van_ap": 0.5029409601561847, "Truck_ap": 0.5097572542257335, "Pedestrian_ap": 0.33711577682209176, "Person_sitting_ap": 0.0, "Cyclist_ap": 0.23786590458501392, "Tram_ap": 0.13172704076254166, "Misc_ap": 0.04709182947064073}