{"name": "fasterrcnn_mobilenet_v3_large_fpn", "pretrained": true, "freeze_layers": false, "batch_size": 4, "dataset": "kitti_reduced_50_augmented_v2m", "dataset_config": {"class_list": ["Background", "Car", "Van", "Truck", "Pedestrian", "Person_sitting", "Cyclist", "Tram", "Misc", "DontCare"], "num_classes": 10}, "val_iou": 0.20190516114234924, "val_precision": 0.8267587499761984, "val_recall": 0.774747513824323, "val_f1": 0.7994885451803156, "val_map": 0.6523699171808337, "test_iou": 0.19285665452480316, "test_precision": 0.8374855576393023, "test_recall": 0.7837482879040482, "test_f1": 0.8093572824590496, "test_map": 0.6554511740081016, "Car_ap": 0.8762869650084115, "Van_ap": 0.6898552881443039, "Truck_ap": 0.7438460965624928, "Pedestrian_ap": 0.6214776150022923, "Person_sitting_ap": 0.4787417099777109, "Cyclist_ap": 0.5508315313096359, "Tram_ap": 0.8479013979404516, "Misc_ap": 0.41001873350137036}