{"name": "fasterrcnn_mobilenet_v3_large_fpn", "pretrained": false, "freeze_layers": false, "batch_size": 4, "dataset": "kitti_reduced_0_augmented_v2m", "dataset_config": {"class_list": ["Background", "Car", "Van", "Truck", "Pedestrian", "Person_sitting", "Cyclist", "Tram", "Misc", "DontCare"], "num_classes": 10}, "val_iou": 0.18990740180015564, "val_precision": 0.8401419499197941, "val_recall": 0.8054467441894908, "val_f1": 0.8222445222462714, "val_map": 0.6793788753943968, "test_iou": 0.17666161060333252, "test_precision": 0.8485779418581092, "test_recall": 0.8168921065224883, "test_f1": 0.8322398077741483, "test_map": 0.6830670094045526, "Car_ap": 0.8810288477393808, "Van_ap": 0.7681664482777827, "Truck_ap": 0.7576044493459532, "Pedestrian_ap": 0.6115289777642643, "Person_sitting_ap": 0.7013478522956771, "Cyclist_ap": 0.4807407468519902, "Tram_ap": 0.7001930078350471, "Misc_ap": 0.5344206730450785}